-- phpMyAdmin SQL Dump
-- version 4.9.2
-- https://www.phpmyadmin.net/
--
-- Host: localhost:3306
-- 생성 시간: 21-07-19 05:49
-- 서버 버전: 8.0.18
-- PHP 버전: 7.3.12

SET SQL_MODE = "NO_AUTO_VALUE_ON_ZERO";
SET AUTOCOMMIT = 0;
START TRANSACTION;
SET time_zone = "+00:00";


/*!40101 SET @OLD_CHARACTER_SET_CLIENT=@@CHARACTER_SET_CLIENT */;
/*!40101 SET @OLD_CHARACTER_SET_RESULTS=@@CHARACTER_SET_RESULTS */;
/*!40101 SET @OLD_COLLATION_CONNECTION=@@COLLATION_CONNECTION */;
/*!40101 SET NAMES utf8mb4 */;

--
-- 데이터베이스: `web_board`
--

--
-- 테이블의 덤프 데이터 `board`
--

INSERT INTO `board` (`pcode`, `bcode`, `mcode`, `btitle`, `bcontent`, `bdate`, `bip`, `bcount`, `blikes`, `author`, `ppwd`) VALUES
(1, '1', '57645', 'title', 'content', '2020-12-16 00:00:00', '192.168.1.112', '3', '0', 'bath', NULL),
(2, '1', '57645', 'title', 'content', '2020-12-16 00:00:00', '192.168.1.112', '0', '0', 'bath', NULL),
(3, '1', '53990', 'title', 'content', '2020-12-02 06:05:18', NULL, '2', '0', 'book', NULL),
(4, '1', '0', 'title cat', 'content cat', '2020-12-02 00:00:00', '127.0.0.1', '0', '0', 'omok', '123'),
(5, '1', '0', 'title dog', 'content dog', '2020-12-02 00:00:00', '127.0.0.1', '1', '0', 'bella', '123'),
(7, '1', '53731', 'title 4', 'content 4', '2020-12-02 00:00:00', '127.0.0.1', '0', '0', 'redpicka', NULL),
(8, '1', '53731', 'title 5', 'content 5', '2020-12-02 00:00:00', '127.0.0.1', '0', '0', 'redpicka', NULL),
(9, '1', '53731', 'title 7', 'content 7', '2020-12-02 00:00:00', '127.0.0.1', '0', '0', 'redpicka', ''),
(10, '1', '53731', 'title 8', 'content 8', '2020-12-02 00:00:00', '127.0.0.1', '0', '0', 'redpicka', NULL),
(12, '1', '53990', 'title', 'content', '2020-12-02 06:05:18', NULL, '0', '0', 'book', NULL),
(13, '1', '53731', 'time title', 'time title', '2020-12-02 11:49:29', '127.0.0.1', '0', '0', 'redpicka', NULL),
(14, '1', '53731', 'ip test', 'ip content', '2020-12-02 11:50:11', '127.0.0.1', '0', '0', 'redpicka', NULL),
(15, '1', '0', 'title', 'content', '2020-12-02 12:02:23', '127.0.0.1', '0', '0', 'omok', '$2b$05$HKjVXk3rnvEJ3kiAFZH5vu1qMx2xI2sOFrvPpJgcEGDk9hercyvWC'),
(16, '1', '53731', 'test', '123', '2020-12-03 13:30:59', '127.0.0.1', '0', '0', 'redpicka', NULL),
(17, '1', '53731', 'test', '22323', '2020-12-03 13:31:43', '127.0.0.1', '0', '0', 'redpicka', NULL),
(106, '1', '53731', '18', '18', '2020-12-07 09:30:45', '127.0.0.1', '0', '0', 'redpicka', NULL),
(107, '1', '53731', '19', '19', '2020-12-07 09:30:53', '127.0.0.1', '0', '0', 'redpicka', NULL),
(108, '1', '53731', '20', '20\r\n', '2020-12-07 09:31:04', '127.0.0.1', '0', '0', 'redpicka', NULL),
(109, '1', '53731', '21', '21', '2020-12-07 09:31:12', '127.0.0.1', '0', '0', 'redpicka', NULL),
(110, '1', '53731', '22', '22', '2020-12-07 09:31:29', '127.0.0.1', '0', '0', 'redpicka', NULL),
(111, '1', '53731', '23', '23', '2020-12-07 09:31:39', '127.0.0.1', '0', '0', 'redpicka', NULL),
(112, '1', '53731', '24', '24', '2020-12-07 09:31:46', '127.0.0.1', '0', '0', 'redpicka', NULL),
(113, '1', '53731', '25', '25', '2020-12-07 09:31:52', '127.0.0.1', '0', '0', 'redpicka', NULL),
(114, '1', '53731', '25', '25', '2020-12-07 09:32:00', '127.0.0.1', '0', '0', 'redpicka', NULL),
(115, '1', '53731', '27', '27', '2020-12-07 09:32:10', '127.0.0.1', '0', '0', 'redpicka', NULL),
(116, '1', '53731', '28', '28', '2020-12-07 09:32:18', '127.0.0.1', '0', '0', 'redpicka', NULL),
(117, '1', '53731', '29', '29', '2020-12-07 09:32:27', '127.0.0.1', '0', '0', 'redpicka', NULL),
(118, '1', '53731', '30', '30', '2020-12-07 09:32:36', '127.0.0.1', '0', '0', 'redpicka', NULL),
(119, '1', '53731', '31', '31', '2020-12-07 09:32:42', '127.0.0.1', '0', '0', 'redpicka', NULL),
(120, '1', '53731', '32', '32', '2020-12-07 09:32:49', '127.0.0.1', '0', '0', 'redpicka', NULL),
(121, '1', '53731', '33', '33', '2020-12-07 09:32:56', '127.0.0.1', '0', '0', 'redpicka', NULL),
(122, '1', '53731', '34', '34', '2020-12-07 09:33:03', '127.0.0.1', '0', '0', 'redpicka', NULL),
(123, '1', '53731', '35', '35', '2020-12-07 09:33:09', '127.0.0.1', '0', '0', 'redpicka', NULL),
(124, '1', '53731', '36', '36', '2020-12-07 09:33:18', '127.0.0.1', '0', '0', 'redpicka', NULL),
(125, '1', '53731', '37', '37', '2020-12-07 09:33:24', '127.0.0.1', '0', '0', 'redpicka', NULL),
(126, '1', '53731', '38', '38', '2020-12-07 09:33:32', '127.0.0.1', '0', '0', 'redpicka', NULL),
(127, '1', '53731', '39', '39', '2020-12-07 09:33:39', '127.0.0.1', '0', '0', 'redpicka', NULL),
(128, '1', '53731', '40', '40', '2020-12-07 09:33:46', '127.0.0.1', '0', '0', 'redpicka', NULL),
(129, '1', '53731', '41', '41\r\n', '2020-12-07 09:33:52', '127.0.0.1', '0', '0', 'redpicka', NULL),
(130, '1', '53731', '42', '42', '2020-12-07 09:34:04', '127.0.0.1', '0', '0', 'redpicka', NULL),
(131, '1', '53731', '43', '43', '2020-12-07 09:34:11', '127.0.0.1', '0', '0', 'redpicka', NULL),
(132, '1', '53731', '44', '44', '2020-12-07 09:34:16', '127.0.0.1', '0', '0', 'redpicka', NULL),
(133, '1', '53731', '45', '45', '2020-12-07 09:34:22', '127.0.0.1', '0', '0', 'redpicka', NULL),
(134, '1', '53731', '46', '46', '2020-12-07 09:34:29', '127.0.0.1', '0', '0', 'redpicka', NULL),
(135, '1', '53731', '47', '47', '2020-12-07 09:34:38', '127.0.0.1', '0', '0', 'redpicka', NULL),
(136, '1', '53731', '48', '48', '2020-12-07 09:34:48', '127.0.0.1', '1', '0', 'redpicka', NULL),
(137, '1', '53731', '49', '49', '2020-12-07 09:34:54', '127.0.0.1', '0', '0', 'redpicka', NULL),
(138, '1', '53731', '50', '50', '2020-12-07 09:35:01', '127.0.0.1', '0', '0', 'redpicka', NULL),
(139, '1', '53731', '51', '51', '2020-12-07 09:36:32', '127.0.0.1', '0', '0', 'redpicka', NULL),
(140, '1', '53731', '52', '52', '2020-12-07 09:36:40', '127.0.0.1', '0', '0', 'redpicka', NULL),
(141, '1', '53731', '53', '53', '2020-12-07 09:36:47', '127.0.0.1', '0', '0', 'redpicka', NULL),
(142, '1', '53731', '54', '54', '2020-12-07 09:36:55', '127.0.0.1', '1', '0', 'redpicka', NULL),
(143, '1', '53731', '55', '55', '2020-12-07 09:37:01', '127.0.0.1', '0', '0', 'redpicka', NULL),
(144, '1', '53731', '56', '56', '2020-12-07 09:37:16', '127.0.0.1', '0', '0', 'redpicka', NULL),
(145, '1', '53731', '57', '57', '2020-12-07 09:37:25', '127.0.0.1', '0', '0', 'redpicka', NULL),
(146, '1', '53731', '58', '58', '2020-12-07 09:37:45', '127.0.0.1', '0', '0', 'redpicka', NULL),
(147, '1', '53731', '59', '59', '2020-12-07 09:37:56', '127.0.0.1', '0', '0', 'redpicka', NULL),
(148, '1', '53731', '60', '60', '2020-12-07 09:38:14', '127.0.0.1', '0', '0', 'redpicka', NULL),
(149, '1', '53731', '61', '61', '2020-12-07 09:44:25', '127.0.0.1', '0', '0', 'redpicka', NULL),
(150, '1', '53990', 'title', 'content', '2020-12-02 06:05:18', NULL, '0', '0', 'book', NULL),
(151, '1', '53731', '25', '25', '2020-12-07 09:32:00', '127.0.0.1', '0', '0', 'redpicka', NULL),
(152, '1', '53731', '27', '27', '2020-12-07 09:32:10', '127.0.0.1', '0', '0', 'redpicka', NULL),
(153, '1', '53731', '28', '28', '2020-12-07 09:32:18', '127.0.0.1', '0', '0', 'redpicka', NULL),
(154, '1', '53731', '29', '29', '2020-12-07 09:32:27', '127.0.0.1', '0', '0', 'redpicka', NULL),
(155, '1', '53731', '30', '30', '2020-12-07 09:32:36', '127.0.0.1', '0', '0', 'redpicka', NULL),
(156, '1', '53731', '31', '31', '2020-12-07 09:32:42', '127.0.0.1', '0', '0', 'redpicka', NULL),
(157, '1', '57645', 'title', 'content', '2020-12-16 00:00:00', '192.168.1.112', '0', '0', 'bath', NULL),
(158, '1', '57645', 'title', 'content', '2020-12-16 00:00:00', '192.168.1.112', '0', '0', 'bath', NULL),
(159, '1', '53990', 'title', 'content', '2020-12-02 06:05:18', NULL, '0', '0', 'book', NULL),
(160, '1', '0', 'title cat', 'content cat', '2020-12-02 00:00:00', '127.0.0.1', '0', '0', 'omok', '123'),
(161, '1', '0', 'title dog', 'content dog', '2020-12-02 00:00:00', '127.0.0.1', '0', '0', 'bella', '123'),
(163, '1', '53731', 'title 4', 'content 4', '2020-12-02 00:00:00', '127.0.0.1', '0', '0', 'redpicka', NULL),
(164, '1', '53731', 'title 5', 'content 5', '2020-12-02 00:00:00', '127.0.0.1', '0', '0', 'redpicka', NULL),
(165, '1', '53731', 'title 7', 'content 7', '2020-12-02 00:00:00', '127.0.0.1', '0', '0', 'redpicka', ''),
(166, '1', '53731', 'title 8', 'content 8', '2020-12-02 00:00:00', '127.0.0.1', '0', '0', 'redpicka', NULL),
(167, '1', '57645', 'title', 'content', '2020-12-16 00:00:00', '192.168.1.112', '0', '0', 'bath', NULL),
(168, '1', '57645', 'title', 'content', '2020-12-16 00:00:00', '192.168.1.112', '0', '0', 'bath', NULL),
(169, '1', '53990', 'title', 'content', '2020-12-02 06:05:18', NULL, '0', '0', 'book', NULL),
(170, '1', '0', 'title cat', 'content cat', '2020-12-02 00:00:00', '127.0.0.1', '0', '0', 'omok', '123'),
(171, '1', '0', 'title dog', 'content dog', '2020-12-02 00:00:00', '127.0.0.1', '0', '0', 'bella', '123'),
(173, '1', '53731', 'title 4', 'content 4', '2020-12-02 00:00:00', '127.0.0.1', '0', '0', 'redpicka', NULL),
(174, '1', '53731', 'title 5', 'content 5', '2020-12-02 00:00:00', '127.0.0.1', '0', '0', 'redpicka', NULL),
(175, '1', '53731', 'title 7', 'content 7', '2020-12-02 00:00:00', '127.0.0.1', '0', '0', 'redpicka', ''),
(176, '1', '53731', 'title 8', 'content 8', '2020-12-02 00:00:00', '127.0.0.1', '0', '0', 'redpicka', NULL),
(178, '1', '53990', 'title', 'content', '2020-12-02 06:05:18', NULL, '0', '0', 'book', NULL),
(179, '1', '53731', 'time title', 'time title', '2020-12-02 11:49:29', '127.0.0.1', '1', '0', 'redpicka', NULL),
(180, '1', '53731', 'ip test', 'ip content', '2020-12-02 11:50:11', '127.0.0.1', '0', '0', 'redpicka', NULL),
(181, '1', '0', 'title', 'content', '2020-12-02 12:02:23', '127.0.0.1', '0', '0', 'omok', '$2b$05$HKjVXk3rnvEJ3kiAFZH5vu1qMx2xI2sOFrvPpJgcEGDk9hercyvWC'),
(182, '2', '57645', 'title', 'content', '2020-12-16 00:00:00', '192.168.1.112', '0', '0', 'bath', ''),
(183, '2', '57645', 'title', 'content', '2020-12-16 00:00:00', '192.168.1.112', '0', '0', 'bath', NULL),
(184, '2', '53990', 'title', 'content', '2020-12-02 06:05:18', NULL, '0', '0', 'book', NULL),
(185, '2', '0', 'title cat', 'content cat', '2020-12-02 00:00:00', '127.0.0.1', '0', '0', 'omok', '123'),
(186, '2', '0', 'title dog', 'content dog', '2020-12-02 00:00:00', '127.0.0.1', '0', '0', 'bella', '123'),
(188, '2', '53731', 'title 4', 'content 4', '2020-12-02 00:00:00', '127.0.0.1', '1', '0', 'redpicka', NULL),
(189, '2', '53731', 'title 5', 'content 5', '2020-12-02 00:00:00', '127.0.0.1', '0', '0', 'redpicka', NULL),
(190, '2', '53731', 'title 7', 'content 7', '2020-12-02 00:00:00', '127.0.0.1', '0', '0', 'redpicka', ''),
(191, '2', '53731', 'title 8', 'content 8', '2020-12-02 00:00:00', '127.0.0.1', '3', '0', 'redpicka', NULL),
(193, '2', '53990', 'title', 'content', '2020-12-02 06:05:18', NULL, '0', '0', 'book', NULL),
(194, '2', '53731', 'time title', 'time title', '2020-12-02 11:49:29', '127.0.0.1', '1', '0', 'redpicka', NULL),
(196, '2', '0', 'title', 'content', '2020-12-02 12:02:23', '127.0.0.1', '0', '0', 'omok', '$2b$05$HKjVXk3rnvEJ3kiAFZH5vu1qMx2xI2sOFrvPpJgcEGDk9hercyvWC'),
(197, '2', '57645', 'title', 'content', '2020-12-16 00:00:00', '192.168.1.112', '1', '0', 'bath', NULL),
(198, '2', '57645', 'title', 'content', '2020-12-16 00:00:00', '192.168.1.112', '1', '0', 'bath', NULL),
(199, '2', '53990', 'title', 'content', '2020-12-02 06:05:18', NULL, '2', '0', 'book', NULL),
(200, '2', '0', 'title cat', 'content cat', '2020-12-02 00:00:00', '127.0.0.1', '6', '0', 'omok', '123'),
(201, '1', '0', 'title dog', 'content dog', '2020-12-02 00:00:00', '127.0.0.1', '2', '0', 'bella', '123'),
(203, '1', '53731', 'title 4', 'content 4', '2020-12-02 00:00:00', '127.0.0.1', '2', '0', 'redpicka', NULL),
(204, '1', '53731', 'title 5', 'content 5', '2020-12-02 00:00:00', '127.0.0.1', '1', '0', 'redpicka', NULL),
(205, '1', '53731', 'title 7', 'content 7', '2020-12-02 00:00:00', '127.0.0.1', '1', '0', 'redpicka', ''),
(206, '1', '53731', 'title 8', 'content 8', '2020-12-02 00:00:00', '127.0.0.1', '4', '0', 'redpicka', NULL),
(208, '1', '53990', 'title', 'content', '2020-12-02 06:05:18', NULL, '2', '0', 'book', NULL),
(209, '1', '53731', 'time title', 'time title', '2020-12-02 11:49:29', '127.0.0.1', '0', '0', 'redpicka', NULL),
(210, '1', '53731', 'ip test', 'ip content', '2020-12-02 11:50:11', '127.0.0.1', '2', '0', 'redpicka', NULL),
(218, '1', '687', 'test1', 'test1', '2020-12-09 16:10:39', '192.168.1.223', '0', '0', 'test1', NULL),
(227, '1', '53731', 'I want  to eat chicken!', 'efefef', '2020-12-21 14:32:10', '192.168.1.223', '2', '0', 'redpicka', NULL),
(228, '1', '53731', 'Pork is more delicious than chicken', 'i am pig', '2020-12-21 14:32:59', '192.168.1.223', '1', '0', 'redpicka', NULL),
(229, '1', '53731', 'what will i do in christmas!~', 'nothing!~', '2020-12-21 14:33:53', '192.168.1.223', '22', '0', 'redpicka', NULL),
(230, '1', '53731', 'the reason why I like cat more than dog', '123', '2020-12-21 14:34:21', '192.168.1.223', '10', '0', 'redpicka', NULL),
(231, '1', '53731', '[notice] This is manager of website', 'nice to meet you all!', '2020-12-21 14:35:08', '192.168.1.223', '5', '0', 'redpicka', NULL),
(232, '1', '57645', 'test', 'test', '2020-12-22 00:00:00', '192.168.1.112', '0', '0', 'anon', NULL),
(233, '1', '57645', 'test', 'test', '2020-12-22 00:00:00', '192.168.1.112', '0', '0', 'anon', NULL),
(234, '1', '57645', 'test', 'test', '2020-12-22 00:00:00', '192.168.1.112', '1', '0', 'anon', NULL),
(235, '1', '66001', 'test2', 'test2', '2020-12-22 00:00:00', '192.168.1.112', '2', '0', 'anon', NULL),
(236, '1', '66001', 'test2', 'test2', '2020-12-22 00:00:00', '192.168.1.112', '0', '0', 'anon', NULL),
(237, '1', '57645', 'ㅅㅅ', 'ㅅㅅ', '2020-12-02 06:05:18', '192.168.1.112', '1', '0', 'anon', NULL),
(238, '1', '57645', 'ㅅㅅ', 'ㅅㅅ', '2020-12-02 06:05:18', '192.168.1.112', '0', '0', 'anon', NULL),
(239, '1', '57645', 'ㅅㅅ', 'ㅅㅅ', '2020-12-02 06:05:18', '192.168.1.112', '1', '0', 'anon', NULL),
(240, '1', '57645', 'ㅅㅅ', 'ㅅㅅ', '2020-12-02 06:05:18', '192.168.1.112', '1', '0', 'anon', NULL),
(241, '1', '0', '1 post', '123123', '2020-12-29 22:14:00', '192.168.1.223', '0', '0', 'anon', '$2b$05$WE6w6OgU41h7CApso7GjJ.IC.LfCZgnVakTOscqJXTJgPo6g8D9M.'),
(243, '1', '0', 'Next is React!', 'efef', '2020-12-29 22:45:24', '192.168.1.223', '10', '0', 'omok', '$2b$05$SKKm/GYl7b8YjwC8l9c.RO3e6IctgJEoBD07Mng52W.OEB1qRIOu2'),
(244, '1', '53731', 'comment test', 'comment content', '2021-01-04 12:42:41', '192.168.1.223', '9', '0', 'redpicka', NULL),
(245, '1', '0', 'test', 'test', '2021-01-05 15:41:27', '192.168.1.223', '1', '0', 'anon[n]', '$2b$05$oCZXHn.G6wiDFP8SFMW5Geph.udOakpG6ZGMBG04fgX.je9SQ3.GS'),
(246, '1', '53731', 'color test', 'color', '2021-01-11 10:42:11', '192.168.1.223', '8', '0', 'redpicka', NULL),
(247, '1', '53731', 'comment test', 'comment', '2021-01-11 12:13:02', '192.168.1.223', '17', '0', 'redpicka', NULL),
(248, '1', '53731', 'Sejong', 'hahah', '2021-01-16 22:42:32', '192.168.1.223', '46', '0', 'redpicka', NULL),
(249, '1', '53731', 'DB is Mysql!~', '123', '2021-01-19 10:19:58', '192.168.1.223', '67', '0', 'redpicka', NULL),
(251, '1', '13577', 'This is Node Project!', 'ekfjefkejfkefekfejfkjf', '2021-02-13 20:23:49', '192.168.1.223', '245', '0', 'black', NULL),
(252, '1', '13577', 'live in Australia', 'hihi', '2021-03-31 14:21:39', '192.168.1.223', '243', '0', 'black', NULL),
(263, '1', '53731', 'I\'m web developer', '<script>\nalert(\"test\");\n</script>', '2021-04-21 01:59:50', '192.168.1.223', '59', '0', 'redpicka', NULL),
(277, '1', '0', 'This is Kangaroo Webboard!', 'Hello World!!', '2021-05-19 16:17:03', '192.168.1.223', '10', '0', 'user', '$2b$05$wiZMkLYPutSVk3LlTibsJui.cHXUciq1/ZJ34D2sfT/kII.9QuexS'),
(285, '2', '13577', 'Next is React Project!', 'h', '2021-05-19 23:00:51', '192.168.1.223', '2', '0', 'black', NULL),
(287, '2', '13577', 'Gmail API for email service', '2', '2021-05-19 23:01:34', '192.168.1.223', '3', '0', 'black', NULL),
(288, '2', '13577', 'Authentication with Ajax, Hash', '2', '2021-05-19 23:01:45', '192.168.1.223', '3', '0', 'black', NULL),
(289, '2', '13577', 'Basic CRUD', '7', '2021-05-19 23:02:04', '192.168.1.223', '7', '0', 'black', NULL),
(290, '2', '13577', 'It has many functions', '2', '2021-05-19 23:02:17', '192.168.1.223', '17', '0', 'black', NULL);

--
-- 테이블의 덤프 데이터 `comment`
--

INSERT INTO `comment` (`ccode`, `pcode`, `mcode`, `comment`, `cclass`, `corder`, `groupnum`, `cdate`, `cip`, `cdlt`) VALUES
(1, 247, '53731', 'comment 1', '0', '0', '1', '2021-01-11 14:09:44', '192.168.1.223', 1),
(2, 247, '53731', 'com 2', '1', '1', '1', '2021-01-11 14:09:51', '192.168.1.223', 1),
(3, 247, '687', 'reader 1', '0', '0', '3', '2021-01-11 14:10:12', '192.168.1.223', 1),
(4, 247, '687', 'reader 1', '1', '2', '1', '2021-01-11 14:10:18', '192.168.1.223', 1),
(5, 247, '53731', 'writer 2', '1', '1', '3', '2021-01-11 14:10:41', '192.168.1.223', 1),
(6, 247, '53731', '12323', '1', '2', '3', '2021-01-11 14:48:10', '192.168.1.223', 0),
(7, 246, '687', 'new com1', '0', '0', '7', '2021-01-11 14:49:24', '192.168.1.223', 1),
(8, 246, '687', 'com 2', '1', '1', '7', '2021-01-11 14:49:30', '192.168.1.223', 1),
(9, 246, '53731', 'com 2', '0', '0', '9', '2021-01-11 14:49:47', '192.168.1.223', 1),
(10, 246, '53731', 'com 3', '1', '2', '7', '2021-01-11 14:49:51', '192.168.1.223', 1),
(11, 246, '53731', 'com 5', '1', '1', '9', '2021-01-11 14:49:56', '192.168.1.223', 1),
(12, 246, '53731', '123', '1', '3', '7', '2021-01-11 14:54:01', '192.168.1.223', 1),
(13, 246, '687', '12323', '1', '4', '7', '2021-01-11 14:57:02', '192.168.1.223', 1),
(14, 246, '687', '123', '1', '5', '7', '2021-01-11 14:57:35', '192.168.1.223', 1),
(15, 246, '687', '123', '1', '6', '7', '2021-01-11 14:57:41', '192.168.1.223', 1),
(16, 246, '687', '123', '1', '7', '7', '2021-01-11 15:01:29', '192.168.1.223', 0),
(17, 244, '53731', '1', '0', '0', '17', '2021-01-12 11:11:34', '192.168.1.223', 0),
(18, 244, '53731', '2', '0', '0', '18', '2021-01-12 11:11:35', '192.168.1.223', 0),
(19, 244, '53731', '3', '0', '0', '19', '2021-01-12 11:11:37', '192.168.1.223', 0),
(20, 244, '53731', '4', '0', '0', '20', '2021-01-12 11:11:40', '192.168.1.223', 0),
(21, 244, '53731', '5', '0', '0', '21', '2021-01-12 11:11:43', '192.168.1.223', 0),
(22, 244, '53731', '6', '0', '0', '22', '2021-01-12 11:11:45', '192.168.1.223', 0),
(23, 244, '53731', '7', '0', '0', '23', '2021-01-12 11:11:48', '192.168.1.223', 0),
(24, 244, '53731', '8', '0', '0', '24', '2021-01-12 11:11:51', '192.168.1.223', 0),
(25, 244, '53731', '9', '0', '0', '25', '2021-01-12 11:11:54', '192.168.1.223', 0),
(26, 244, '53731', '10', '0', '0', '26', '2021-01-12 11:11:57', '192.168.1.223', 0),
(27, 244, '53731', '11', '0', '0', '27', '2021-01-12 11:11:59', '192.168.1.223', 0),
(28, 244, '53731', '12', '0', '0', '28', '2021-01-12 11:12:10', '192.168.1.223', 0),
(29, 244, '53731', '5-1', '1', '1', '21', '2021-01-12 11:12:36', '192.168.1.223', 0),
(30, 244, '53731', '5-2', '1', '2', '21', '2021-01-12 11:12:41', '192.168.1.223', 0),
(31, 244, '53731', '2-1', '1', '1', '18', '2021-01-12 11:12:46', '192.168.1.223', 0),
(32, 244, '53731', '2-2', '1', '2', '18', '2021-01-12 11:12:50', '192.168.1.223', 1),
(33, 244, '53731', '13', '0', '0', '33', '2021-01-12 16:51:31', '192.168.1.223', 0),
(34, 244, '53731', '14', '0', '0', '34', '2021-01-12 16:51:32', '192.168.1.223', 0),
(35, 244, '53731', '15', '0', '0', '35', '2021-01-12 16:51:34', '192.168.1.223', 0),
(36, 244, '53731', '16', '0', '0', '36', '2021-01-12 16:51:37', '192.168.1.223', 0),
(37, 244, '53731', '17', '0', '0', '37', '2021-01-12 16:51:42', '192.168.1.223', 0),
(38, 244, '53731', '18', '0', '0', '38', '2021-01-12 16:51:49', '192.168.1.223', 0),
(39, 244, '53731', '19', '0', '0', '39', '2021-01-12 16:51:52', '192.168.1.223', 0),
(40, 244, '53731', '20', '0', '0', '40', '2021-01-12 16:51:57', '192.168.1.223', 0),
(41, 244, '53731', '21', '0', '0', '41', '2021-01-12 16:51:59', '192.168.1.223', 0),
(42, 244, '53731', '22', '0', '0', '42', '2021-01-12 16:59:16', '192.168.1.223', 0),
(43, 244, '53731', '23', '0', '0', '43', '2021-01-12 16:59:18', '192.168.1.223', 0),
(44, 244, '53731', '24', '0', '0', '44', '2021-01-12 16:59:19', '192.168.1.223', 0),
(45, 244, '53731', '25', '0', '0', '45', '2021-01-12 16:59:21', '192.168.1.223', 0),
(46, 244, '53731', '26', '0', '0', '46', '2021-01-12 16:59:25', '192.168.1.223', 0),
(47, 244, '53731', '27', '0', '0', '47', '2021-01-12 16:59:27', '192.168.1.223', 0),
(48, 244, '53731', '28', '0', '0', '48', '2021-01-12 16:59:29', '192.168.1.223', 0),
(49, 244, '53731', '29', '0', '0', '49', '2021-01-12 16:59:32', '192.168.1.223', 0),
(50, 244, '53731', '30', '0', '0', '50', '2021-01-12 16:59:35', '192.168.1.223', 0),
(51, 244, '53731', '31', '0', '0', '51', '2021-01-12 16:59:37', '192.168.1.223', 0),
(52, 244, '53731', '32', '0', '0', '52', '2021-01-12 17:00:46', '192.168.1.223', 0),
(53, 244, '53731', '33', '0', '0', '53', '2021-01-12 17:00:48', '192.168.1.223', 0),
(54, 244, '53731', '34', '0', '0', '54', '2021-01-12 17:00:52', '192.168.1.223', 0),
(55, 244, '53731', '35', '0', '0', '55', '2021-01-12 17:00:55', '192.168.1.223', 0),
(56, 244, '53731', '36', '0', '0', '56', '2021-01-12 17:01:00', '192.168.1.223', 0),
(57, 244, '53731', '37', '0', '0', '57', '2021-01-12 17:01:34', '192.168.1.223', 0),
(58, 244, '53731', '38', '0', '0', '58', '2021-01-12 17:02:59', '192.168.1.223', 0),
(59, 244, '53731', '39', '0', '0', '59', '2021-01-12 17:03:11', '192.168.1.223', 0),
(60, 244, '53731', '40', '0', '0', '60', '2021-01-12 17:03:42', '192.168.1.223', 0),
(61, 244, '53731', '41', '0', '0', '61', '2021-01-12 17:04:34', '192.168.1.223', 0),
(62, 244, '53731', '42', '0', '0', '62', '2021-01-12 17:04:59', '192.168.1.223', 1),
(63, 244, '53731', '43', '0', '0', '63', '2021-01-12 17:05:01', '192.168.1.223', 0),
(64, 244, '53731', '44', '0', '0', '64', '2021-01-12 17:05:03', '192.168.1.223', 0),
(65, 244, '53731', '45', '0', '0', '65', '2021-01-12 17:05:05', '192.168.1.223', 0),
(66, 244, '53731', '44-1', '1', '1', '64', '2021-01-12 17:05:12', '192.168.1.223', 0),
(67, 244, '53731', '44-2', '1', '2', '64', '2021-01-12 17:05:18', '192.168.1.223', 0),
(68, 244, '53731', '46', '0', '0', '68', '2021-01-12 17:05:23', '192.168.1.223', 0),
(69, 244, '53731', '47', '0', '0', '69', '2021-01-12 17:06:04', '192.168.1.223', 0),
(70, 244, '53731', '48', '0', '0', '70', '2021-01-12 17:06:11', '192.168.1.223', 0),
(71, 244, '53731', '47-1', '1', '1', '69', '2021-01-12 17:06:22', '192.168.1.223', 1),
(72, 244, '53731', '47-2', '1', '2', '69', '2021-01-12 17:08:41', '192.168.1.223', 0),
(73, 244, '53731', '47-3', '1', '3', '69', '2021-01-12 17:09:06', '192.168.1.223', 0),
(74, 244, '53731', '47-4', '1', '4', '69', '2021-01-12 17:09:18', '192.168.1.223', 0),
(75, 244, '53731', '49', '0', '0', '75', '2021-01-12 17:10:00', '192.168.1.223', 1),
(76, 244, '53731', '50', '0', '0', '76', '2021-01-12 17:10:07', '192.168.1.223', 0),
(77, 244, '53731', '44-3', '1', '3', '64', '2021-01-12 17:10:20', '192.168.1.223', 0),
(78, 244, '53731', '42-1', '1', '1', '62', '2021-01-12 17:10:30', '192.168.1.223', 1),
(79, 244, '53731', '41-1', '1', '1', '61', '2021-01-12 17:11:01', '192.168.1.223', 0),
(80, 244, '53731', '45-1', '1', '1', '65', '2021-01-12 17:11:08', '192.168.1.223', 0),
(81, 244, '53731', '42-2', '1', '2', '62', '2021-01-12 17:12:21', '192.168.1.223', 0),
(82, 244, '53731', '41-2', '1', '2', '61', '2021-01-12 17:12:33', '192.168.1.223', 0),
(83, 244, '53731', '48-1', '1', '1', '70', '2021-01-12 17:12:43', '192.168.1.223', 1),
(84, 244, '53731', '48-1', '1', '2', '70', '2021-01-12 17:13:15', '192.168.1.223', 0),
(85, 244, '53731', '50-1', '1', '1', '76', '2021-01-12 17:14:04', '192.168.1.223', 0),
(86, 244, '53731', '50-2', '1', '2', '76', '2021-01-12 17:15:40', '192.168.1.223', 0),
(87, 244, '53731', '44-4', '1', '4', '64', '2021-01-12 17:15:53', '192.168.1.223', 0),
(88, 244, '53731', '41-3', '1', '3', '61', '2021-01-12 17:16:00', '192.168.1.223', 0),
(89, 244, '53731', '48-3', '1', '3', '70', '2021-01-12 17:16:41', '192.168.1.223', 0),
(90, 244, '53731', '42-3', '1', '3', '62', '2021-01-12 17:16:53', '192.168.1.223', 0),
(91, 244, '53731', '47-5', '1', '5', '69', '2021-01-12 17:17:25', '192.168.1.223', 0),
(92, 244, '53731', '49-1', '1', '1', '75', '2021-01-12 17:17:57', '192.168.1.223', 0),
(93, 244, '53731', '51', '0', '0', '93', '2021-01-12 17:18:02', '192.168.1.223', 0),
(94, 246, '53731', '123', '0', '0', '94', '2021-01-16 22:46:38', '192.168.1.223', 0),
(95, 248, '53731', '12', '0', '0', '95', '2021-01-19 10:19:42', '192.168.1.223', 1),
(96, 249, '53731', '12', '0', '0', '96', '2021-01-19 10:57:59', '192.168.1.223', 0),
(97, 249, '53731', '123', '0', '0', '97', '2021-01-19 10:58:20', '192.168.1.223', 0),
(98, 251, '13577', '123', '0', '0', '98', '2021-02-13 20:23:59', '192.168.1.223', 1),
(99, 251, '13577', '345', '1', '1', '98', '2021-02-13 20:24:04', '192.168.1.223', 0),
(100, 248, '13577', '123', '0', '0', '100', '2021-03-31 14:03:26', '192.168.1.223', 1),
(101, 248, '13577', 'a', '0', '0', '101', '2021-03-31 14:03:30', '192.168.1.223', 0),
(102, 248, '13577', 'b', '0', '0', '102', '2021-03-31 14:03:32', '192.168.1.223', 0),
(103, 248, '13577', 'c', '0', '0', '103', '2021-03-31 14:03:34', '192.168.1.223', 0),
(104, 248, '13577', 'd', '0', '0', '104', '2021-03-31 14:03:37', '192.168.1.223', 0),
(105, 252, '53731', 'a', '0', '0', '105', '2021-03-31 14:21:56', '192.168.1.223', 0),
(106, 252, '53731', 'b', '0', '0', '106', '2021-03-31 14:21:59', '192.168.1.223', 0),
(107, 252, '53731', 'c', '0', '0', '107', '2021-03-31 14:22:00', '192.168.1.223', 0),
(108, 252, '53731', 'd', '0', '0', '108', '2021-03-31 14:22:04', '192.168.1.223', 0),
(109, 251, '53731', 'ㄱㄴㄷ', '0', '0', '109', '2021-03-31 14:51:39', '192.168.1.223', 0),
(111, 252, '13577', '1', '1', '1', '105', '2021-03-31 15:27:46', '192.168.1.223', 0),
(112, 252, '13577', '1', '0', '0', '112', '2021-03-31 15:28:03', '192.168.1.223', 0),
(113, 252, '13577', '2', '0', '0', '113', '2021-03-31 15:28:06', '192.168.1.223', 0),
(114, 252, '13577', '3', '0', '0', '114', '2021-03-31 15:28:09', '192.168.1.223', 0),
(115, 252, '13577', '4', '0', '0', '115', '2021-03-31 15:28:13', '192.168.1.223', 0),
(117, 251, '13577', 'abc', '0', '0', '117', '2021-03-31 15:28:29', '192.168.1.223', 0),
(118, 252, '53731', 'ㄱ', '1', '1', '112', '2021-03-31 15:28:52', '192.168.1.223', 0),
(119, 252, '53731', 'ㄴ', '1', '1', '113', '2021-03-31 15:28:56', '192.168.1.223', 0),
(120, 252, '53731', 'ㄷ', '1', '1', '114', '2021-03-31 15:29:01', '192.168.1.223', 0),
(121, 252, '53731', 'ㄹ', '1', '1', '115', '2021-03-31 15:29:05', '192.168.1.223', 0),
(122, 251, '53731', 'ㄱㄴㄷ', '1', '1', '117', '2021-03-31 15:29:19', '192.168.1.223', 0),
(127, 251, '53731', 'b1', '1', '2', '117', '2021-03-31 15:46:33', '192.168.1.223', 0),
(128, 251, '53731', 'b2', '1', '3', '117', '2021-03-31 15:46:37', '192.168.1.223', 0),
(129, 251, '53731', 'b3', '1', '4', '117', '2021-03-31 15:46:41', '192.168.1.223', 0),
(130, 252, '53731', 'ㄱ', '0', '0', '130', '2021-04-02 17:34:09', '192.168.1.223', 0),
(131, 252, '53731', 'ㄴ', '0', '0', '131', '2021-04-02 17:34:13', '192.168.1.223', 0),
(132, 229, '13577', '12312332', '0', '0', '132', '2021-04-02 17:35:01', '192.168.1.223', 0),
(133, 229, '53731', 'ring', '1', '1', '132', '2021-04-02 17:36:35', '192.168.1.223', 0),
(134, 230, '13577', 'omok', '0', '0', '134', '2021-04-02 17:59:06', '192.168.1.223', 0),
(140, 252, '53731', '123123', '1', '1', '138', '2021-04-08 17:07:41', '192.168.1.223', 0),
(190, 252, '53731', 'Other Post, Other comm', '0', '0', '190', '2021-04-09 19:00:24', '192.168.1.223', 0),
(200, 251, '95981', 'rerer', '0', '0', '200', '2021-05-15 14:50:00', '192.168.1.223', 0),
(201, 263, '53731', '<script>alert(\"hihi comm\"); </script>', '0', '0', '201', '2021-05-17 16:02:14', '192.168.1.223', 0),
(202, 263, '53731', '<script>alert(\"Test\");</script>', '1', '1', '201', '2021-05-17 16:34:29', '192.168.1.223', 1),
(203, 263, '53731', '\'; select * from members;', '0', '0', '203', '2021-05-19 15:34:00', '192.168.1.223', 0),
(204, 263, '53731', '\'; select * from members;', '0', '0', '204', '2021-05-19 15:39:16', '192.168.1.223', 0),
(205, 263, '53731', '\'; select * from members;', '0', '0', '205', '2021-05-19 15:40:04', '192.168.1.223', 0),
(206, 263, '53731', '\'; select * from members;', '0', '0', '206', '2021-05-19 15:42:31', '192.168.1.223', 0),
(207, 263, '53731', 'ee', '1', '1', '206', '2021-05-19 15:45:33', '192.168.1.223', 1),
(208, 263, '53731', 'f', '1', '2', '206', '2021-05-19 15:46:07', '192.168.1.223', 0),
(209, 263, '53731', 'g', '1', '3', '206', '2021-05-19 15:46:29', '192.168.1.223', 0),
(210, 263, '53731', '\'; select * from members;', '0', '0', '210', '2021-05-19 15:48:12', '192.168.1.223', 0),
(211, 263, '53731', 'h', '1', '4', '206', '2021-05-19 15:52:02', '192.168.1.223', 1),
(218, 227, '53731', '1234567890\n1234567890\n1234567890\n1234567890\n1234567890\n1234567890\n1234567890\n1234567890\n1234567890', '0', '0', '218', '2021-05-20 20:37:44', '192.168.1.223', 1),
(219, 227, '53731', '1234567890\n1234567890\n1234567890\n1234567890\n1234567890\n1234567890\n1234567890\n1234567890\n1234567890\n', '0', '0', '219', '2021-05-20 20:37:52', '192.168.1.223', 0),
(220, 227, '53731', '1234567890\n1234567890\n1234567890\n1234567890\n1234567890\n1234567890\n1234567890\n1234567890\n1234567890\n1', '0', '0', '220', '2021-05-20 20:38:26', '192.168.1.223', 0),
(221, 247, '53731', 'test', '0', '0', '221', '2021-05-20 21:21:49', '192.168.1.223', 0),
(222, 247, '53731', '1234567890123456789012345678901234567890123456789012345678901234567890123456789012345678901234567890', '0', '0', '222', '2021-05-20 21:27:06', '192.168.1.223', 1),
(223, 247, '53731', '1234567890123456789012345678901234567890123456789012345678901234567890123456789012345678901234567890', '1', '1', '221', '2021-05-20 21:27:31', '192.168.1.223', 1),
(224, 247, '53731', '1234567890123456789012345678901234567890123456789012345678901234567890123456789012345678901234567890', '1', '2', '221', '2021-05-20 21:27:42', '192.168.1.223', 1);

--
-- 테이블의 덤프 데이터 `members`
--

INSERT INTO `members` (`mcode`, `uid`, `upwd`, `uname`, `unickname`, `email`, `udate`, `uip`, `birthdate`, `uauth`) VALUES
('0', 'guest', 'guest', '', 'guest', 'guest@guest.com', '2020-12-09 00:00:00', NULL, NULL, NULL),
('687', 'test1', '$2b$05$2VmE5nl6GCuN/RUpg.U3rOmWxJbYTuu8bbzwtC2KByWmBYNpaHH4q', '', 'test1', 'test1@gmail.com', '2020-11-12 00:00:00', '192.168.1.223', '2020-12-31 00:00:00', NULL),
('6807', 'test', '$2b$05$.w0EUqf8OIl1/mXxfeDgCeUhnk6yZNdWZLI.0zaYNZRrtztg6ALgu', '', 'yellow', 'color@gmail.com', '2020-11-12 00:00:00', '192.168.1.223', '2020-12-31 00:00:00', NULL),
('11941', 'light', '$2b$05$2pgrOwhpjDz3P.fKMIJCUudgByeoI/UcRG9i8yLpbEp3DLxzGwOTy', '', 'iron', 'iron@gmail.com', '2020-11-12 00:00:00', '192.168.1.223', '2020-12-31 00:00:00', NULL),
('13542', 'test2', '$2b$05$uxFy8VrZhrqhPOuDnhxvMOF6/9.BIZ5/vCEvNQH1IGuEfstIb4wNy', '', 'test2', 'test@gmail.com', '2020-11-12 00:00:00', '192.168.1.223', '2020-12-31 00:00:00', NULL),
('13577', 'ms123', '$2b$05$LT7.afmGwkyUDzhufHNT/.kT7oNrH6DIWtW05NtkI8xuRcS75XvAS', 'ms', 'black', 'jk123@naver.com', '2021-02-03 20:59:17', '192.168.1.223', '2002-11-30 00:00:00', NULL),
('15486', 'oracle123', '123', '', 'whitecat', 'cat@gmail.com', '2020-11-10 00:00:00', '192.168.1.223', '2020-11-26 00:00:00', NULL),
('32228', 'oracle124', '123', '', 'whitecat2322', 'cat12@gmail.com', '2020-11-10 00:00:00', '192.168.1.223', '2020-12-31 00:00:00', NULL),
('44112', 'oracle123', '123', '', 'blackcat', 'cat@gmail.com', '2020-11-10 00:00:00', '192.168.1.223', '2020-11-05 00:00:00', NULL),
('51272', 'oracle12334', '$2b$05$p3doTaZF1eeWVk0/y.WR4efTPdZylLIy72osUnQJ9t0I8ZTlYJPy2', '', 'whitecaat', 'cat@gmail.com', '2020-11-11 00:00:00', '192.168.1.223', '2020-12-31 00:00:00', NULL),
('52123', 'script', '$2b$05$DJrp09z7Gr5Q152Y88gJp.Cg5o0h.JRwBFJZeGwmwfCSk64zCK01y', '', '<script>alert(\"test\")</script>', 'scr@gmail.com', '2021-05-17 16:44:19', '192.168.1.223', '2021-12-31 00:00:00', NULL),
('53731', 'redpen', '$2b$05$5MFUcgRAwLekL4QJJUL1mehLdRzM1o3ZyX3pfh1BlKOhB3r9MRVPm', 'red', 'redpicka', 'red18@gmail.com', '2020-11-25 00:00:00', '192.168.1.223', '2019-12-31 00:00:00', NULL),
('53990', 'book', '$2b$05$hZk9MylZNdYsjyr5PdEmfO06iX79LtvZOOLvFVixE6FcIABOl5pMC', '', 'bookk', 'boook@gmail.com', '2020-11-12 00:00:00', '192.168.1.223', '2020-12-31 00:00:00', NULL),
('57645', 'paper', '$2b$05$hYBdn/1fvdU49HtsPAfPF.ezJji4DHIqLCArU47pJ3UE18.rI0qba', '', 'bath', 'bath@gmail.com', '2020-11-12 00:00:00', '192.168.1.223', '2020-12-31 00:00:00', NULL),
('66001', 'pencil', '$2b$05$q6zBTUwP0XKXvSu7XlULHewM5rysQs56fGy3R.kqCEw4.CJODMWoe', '', 'bluees', 'blue@gmail.com', '2020-11-25 00:00:00', '192.168.1.223', '2020-12-31 00:00:00', NULL),
('67804', '\'; exit;', '$2b$05$7HDV/DBmUaEEQazLQ96uO.fWBZ26d2XtnXIRxXuMvQ5D2mGcSbJCW', '', '\';select * from board;', '23@gmail.com', '2021-05-18 20:49:20', '192.168.1.223', '2021-12-31 00:00:00', NULL),
('71882', 'goo', '$2b$05$edgwEjvxhDBm8XBoMq4Z3OfTGbcm6wYmGAkaBZejCrBBjPJTbHbei', '', 'Alpabet', 'Google@gmail.com', '2021-02-04 16:34:20', '192.168.1.70', '2021-02-03 00:00:00', NULL),
('76526', 'test3', '$2b$05$zt9L5jK0mImsW6HYSPY9zu5lzUrobuO/qlu9AjOZuEub7yh4ajdFS', '', 'test3', 'test3@gmail.com', '2020-11-12 00:00:00', '192.168.1.223', '2020-12-31 00:00:00', NULL),
('88790', 'oracle1234', '$2b$05$K7b/9RZUxim7Ay2Xas0M1.TSh/9h9wuxUDLfkqXJbyKIjWREvrJ8G', '123456789012345678901234567890', '123456789012345678901234567890', '123456789012345678901234567890', '2021-05-20 21:02:54', '192.168.1.223', '2021-12-31 00:00:00', NULL),
('91121', 'hash', '$2b$05$mn/bYzXjT5pzYTyPY2CDNOLLuR1IqPFs4ZI1L7xbjnZ2PU2oWnG8G', '', 'map', 'hash@gmail.com', '2021-02-04 22:21:34', '192.168.1.223', '2021-12-31 00:00:00', '{\"key\": 21, \"ttl\": 31}'),
('95981', 'admin', '$2b$05$m9WAnOewDgfgTIbCAgGISuHRzHkfgDejhht7gwJ4HDUaypPNk9IX.', '', 'Manager', 'admin@mail.com', '2021-05-12 12:26:41', '192.168.1.223', '2021-05-12 00:00:00', NULL);

--
-- 테이블의 덤프 데이터 `message`
--

INSERT INTO `message` (`ncode`, `recv_code`, `sent_code`, `ncontent`, `ndate`, `recv_del`) VALUES
(1, '13577', '53731', 'hello Black!', '2021-04-25 00:41:45', 0),
(2, '13577', '53731', 'Hello world', '2021-04-25 14:23:15', 1),
(3, '53731', '13577', 'Thanks for your message', '2021-04-25 14:28:50', 1),
(4, '13577', '53731', 'This is red, are you black?!', '2021-04-26 13:08:19', 0),
(5, '53731', '13577', 'This is reply from black.\nHi red!', '2021-04-26 14:08:59', 1),
(6, '53731', '13577', 'Hi red. this is black. how are you? I am good. Weather of Brisbane is good. I hope you are fine too! miss you!', '2021-04-26 14:10:17', 0),
(7, '53731', '13577', 'message 1', '2021-04-28 12:48:39', 0),
(8, '53731', '13577', 'message 2', '2021-04-28 12:50:07', 0),
(9, '53731', '13577', 'message 3', '2021-04-28 12:50:19', 0),
(10, '53731', '13577', 'message 4', '2021-04-28 12:50:28', 0),
(11, '53731', '13577', 'message 5', '2021-04-28 12:50:45', 0),
(12, '53731', '13577', 'message 6', '2021-04-28 12:50:55', 0),
(13, '53731', '13577', 'message 7', '2021-04-28 12:51:03', 0),
(14, '53731', '13577', 'message 8', '2021-04-28 12:51:14', 1),
(15, '53731', '13577', 'message 9', '2021-04-28 12:51:24', 0),
(16, '53731', '13577', 'message 10', '2021-04-28 12:51:44', 0),
(17, '53731', '13577', 'message 11', '2021-04-28 12:51:55', 1),
(18, '53731', '13577', 'message 12', '2021-04-28 12:52:03', 1),
(19, '53731', '13577', 'message 13', '2021-04-28 12:52:17', 0),
(20, '53731', '13577', 'message 14', '2021-04-28 12:52:25', 1),
(21, '53731', '13577', 'message 15', '2021-04-28 12:52:46', 1),
(22, '53731', '13577', 'message 16', '2021-04-28 12:53:35', 1),
(23, '53731', '13577', 'test messag 1', '2021-04-28 18:27:47', 0),
(24, '13577', '53731', 'long time no see!', '2021-04-29 22:33:32', 0),
(25, '53731', '53731', 'myself', '2021-04-29 22:52:20', 0),
(40, '13577', '53731', 'This is userinfo msg test', '2021-05-03 15:16:56', 0),
(41, '53731', '95981', 'This is admin', '2021-05-13 00:20:28', 0),
(42, '13577', '95981', 'Hi This is Manager', '2021-05-15 11:32:34', 0),
(43, '53731', '52123', 'script attack', '2021-05-17 16:57:31', 0),
(44, '53731', '13577', '<script>aTTACk!!!@#</script>', '2021-05-17 16:59:51', 1),
(45, '53731', '13577', '<script>\nalert(\"attack!!\");\n</script>', '2021-05-17 17:01:28', 1),
(46, '13577', '53731', 'efefefef', '2021-05-18 22:41:14', 0),
(47, '13577', '53731', 'sql test', '2021-05-18 22:46:25', 0),
(48, '13577', '53731', 'sql test2', '2021-05-18 22:50:02', 0),
(49, '13577', '53731', '\';select * from members;', '2021-05-18 22:51:31', 0),
(50, '13577', '53731', '\';select * from members;\'\'\'\'\'', '2021-05-18 22:51:47', 0),
(51, '13577', '53731', '', '2021-05-18 22:52:11', 0),
(52, '13577', '53731', 'empty', '2021-05-18 22:56:04', 0),
(53, '13577', '53731', 'user-code test', '2021-05-18 23:31:19', 0),
(54, '53731', '13577', 'fefefefefefefeeeeeeeeeeeeeeeeeeeeeeeeeeeeeeeeeeeeeeeeeeeeeeeeeeefefefefefefefeeeeeeeeeeeeeeeeeeeeeeeeeeeeeeeeeeeeeeeeeeeeeeeeeeefefefefefefefeeeeeeeeeeeeeeeeeeeeeeeeeeeeeeeeeeeeeeeeeeeeeeeeeeefefefefefefefeeeeeeeeeeeeeeeeeeeeeeeeeeeeeeeeeeeeeeeeeeeeeeeeeeefefefefefefefeeeeeeeeeeeeeeeeeeeeeeeeeeeeeeeeeeeeeeeeeeeeeeeeeeefefefefefefefeeeeeeeeeeeeeeeeeeeeeeeeeeeeeeeeeeeeeeeeeeeeeeeeeeefefefefefefefeeeeeeeeeeeeeeeeeeeeeeeeeeeeeeeeeeeeeeeeeeeeeeeeeeefefefefefefefeeeeeeeeeeeeeeeeeeeeeeeeeeeeeeeeeeeeeeeeeeeeeeeeeeefefefefefefefeeeeeeeeeeeeeeeeeeeeeeeeeeeeeeeeeeeeeeeeeeeeeeeeeeefefefefefefefeeeeeeeeeeeeeeeeeeeeeeeeeeeeeeeeeeeeeeeeeeeeeeeeeeefefefefefefefeeeeeeeeeeeeeeeeeeeeeeeeeeeeeeeeeeeeeeeeeeeeeeeeeeefefefefefefefeeeeeeeeeeeeeeeeeeeeeeeeeeeeeeeeeeeeeeeeeeeeeeeeeeefefefefefefefeeeeeeeeeeeeeeeeeeeeeeeeeeeeeeeeeeeeeeeeeeeeeeeeeeefefefefefefefeeeeeeeeeeeeeeeeeeeeeeeeeeeeeeeeeeeeeeeeeeeeeeeeeeefefefefefefefeeeeeeeeeeeeeeeeeeeeeeeeeeeeeeeeeeeeeeeeeeeeeeeeeeefefefefefefefeeeeeeeeeeeeeeeeeeeeeeeeeeeeeeeeeeeeeeeeeeeeeeeeeeefefefefefefefeeeeeeeeeeeeeeeeeeeeeeeeeeeeeeeeeeeeeeeeeeeeeeeeeeefefefefefefefeeeeeeeeeeeeeeeeeeeeeeeeeeeeeeeeeeeeeeeeeeeeeeeeeee', '2021-05-20 20:31:06', 1);

--
-- 테이블의 덤프 데이터 `test`
--

INSERT INTO `test` (`num`, `data`) VALUES
(1, '{\"age\": 2, \"dpt\": \"cat\", \"gender\": \"woman\"}'),
(2, '{\"age\": 2, \"dpt\": \"cat\", \"gender\": \"woman\"}'),
(3, '{\"age\": 12, \"dpt\": \"dot\", \"gender\": \"woman\"}'),
(4, '{\"age\": 23, \"dpt\": \"kangaroo\", \"gender\": \"woman\"}');
COMMIT;

/*!40101 SET CHARACTER_SET_CLIENT=@OLD_CHARACTER_SET_CLIENT */;
/*!40101 SET CHARACTER_SET_RESULTS=@OLD_CHARACTER_SET_RESULTS */;
/*!40101 SET COLLATION_CONNECTION=@OLD_COLLATION_CONNECTION */;
